{"cameraMode":{"drawMode":0,"name":"Shaded","section":"Shading Mode"},"sceneLighting":true,"audioPlay":false,"sceneViewState":{"showFog":true,"showMaterialUpdate":false,"showSkybox":true,"showFlares":true,"showImageEffects":true,"showParticleSystems":true},"in2DMode":false,"pivot":{"x":-188.59463500976563,"y":162.6875762939453,"z":-14.43111801147461},"rotation":{"x":-0.21926474571228028,"y":-0.18686392903327943,"z":0.042829930782318118,"w":-0.9566478133201599},"size":17.686233520507814,"orthographic":false}